id,first_name,last_name,email,username,password,role_id
1,Omar,James,simple@example.com,hidden,greaterthan4,3
2,sadgsdg,asdgsadg,asdgsadg,asdgsadg,asdgsadg,2
4,a,s,d,ffdgdfgdsfh,drgrrthtrjtyj,2
5,ih,ghjg,hgjgyg,gbjjyfhfgjg,wereytyuvbdzxb,2
6,sdfggfjtyj,tdhrrethgbf,rthaeethfgede,egeggggggggggg,gdgbfgnnnnnnnn,2
7,fsdfsag,sdgsadg,sagsdg,dsdgadg,adsgvfgxg,2
8,sagsadg,sadgasdgdfbfr,bdsbfdege,egdaebff,degegerr6877yh,2
9,sjmhjjd,svmvnfjd,fjct3567dd8d,djsnsdy6e,djtskbcbcgcgdgfgd,2
10,fsadgadvdfgeg,egedgedg,segdfbseg,swdfvbswef,sdvghjkukty,2
11,cdvsgdg,dfbfgnjnhbgfdesfsg,djhdsxbhbvnhgbf,dhbfghngnfhafbnhgfd,fhfgnnhgfvb bfdbgfdsfb,2
12,fasfsadfasg,dfhfgsrdbgnhf,gsdezsgbfde,gwrgbdfgswAF,dxgbdzfsvfbdgd,2
13,asdfsageag,ergahujtyjfh,hhjmuhnkjiyj,hkyhgbnjyggfn d,fcnjfhnmhgh,2
14,fgjj,sdfhdfh,sfdgdfhfgh,sfdfgdfhdfhf,dfbgjhgjhj,2
15,duoer,blluter,shfnuo@ihgln.com,hsltsefgb,kfmnghyter,2
